name,type,direction,description
c1_000,float,,Dimension 0 for Signaturizer3D dataset networks (C) small molecule roles (C1)
c1_001,float,,Dimension 1 for Signaturizer3D dataset networks (C) small molecule roles (C1)
c1_002,float,,Dimension 2 for Signaturizer3D dataset networks (C) small molecule roles (C1)
c1_003,float,,Dimension 3 for Signaturizer3D dataset networks (C) small molecule roles (C1)
c1_004,float,,Dimension 4 for Signaturizer3D dataset networks (C) small molecule roles (C1)
c1_005,float,,Dimension 5 for Signaturizer3D dataset networks (C) small molecule roles (C1)
c1_006,float,,Dimension 6 for Signaturizer3D dataset networks (C) small molecule roles (C1)
c1_007,float,,Dimension 7 for Signaturizer3D dataset networks (C) small molecule roles (C1)
c1_008,float,,Dimension 8 for Signaturizer3D dataset networks (C) small molecule roles (C1)
c1_009,float,,Dimension 9 for Signaturizer3D dataset networks (C) small molecule roles (C1)
c1_010,float,,Dimension 10 for Signaturizer3D dataset networks (C) small molecule roles (C1)
c1_011,float,,Dimension 11 for Signaturizer3D dataset networks (C) small molecule roles (C1)
c1_012,float,,Dimension 12 for Signaturizer3D dataset networks (C) small molecule roles (C1)
c1_013,float,,Dimension 13 for Signaturizer3D dataset networks (C) small molecule roles (C1)
c1_014,float,,Dimension 14 for Signaturizer3D dataset networks (C) small molecule roles (C1)
c1_015,float,,Dimension 15 for Signaturizer3D dataset networks (C) small molecule roles (C1)
c1_016,float,,Dimension 16 for Signaturizer3D dataset networks (C) small molecule roles (C1)
c1_017,float,,Dimension 17 for Signaturizer3D dataset networks (C) small molecule roles (C1)
c1_018,float,,Dimension 18 for Signaturizer3D dataset networks (C) small molecule roles (C1)
c1_019,float,,Dimension 19 for Signaturizer3D dataset networks (C) small molecule roles (C1)
c1_020,float,,Dimension 20 for Signaturizer3D dataset networks (C) small molecule roles (C1)
c1_021,float,,Dimension 21 for Signaturizer3D dataset networks (C) small molecule roles (C1)
c1_022,float,,Dimension 22 for Signaturizer3D dataset networks (C) small molecule roles (C1)
c1_023,float,,Dimension 23 for Signaturizer3D dataset networks (C) small molecule roles (C1)
c1_024,float,,Dimension 24 for Signaturizer3D dataset networks (C) small molecule roles (C1)
c1_025,float,,Dimension 25 for Signaturizer3D dataset networks (C) small molecule roles (C1)
c1_026,float,,Dimension 26 for Signaturizer3D dataset networks (C) small molecule roles (C1)
c1_027,float,,Dimension 27 for Signaturizer3D dataset networks (C) small molecule roles (C1)
c1_028,float,,Dimension 28 for Signaturizer3D dataset networks (C) small molecule roles (C1)
c1_029,float,,Dimension 29 for Signaturizer3D dataset networks (C) small molecule roles (C1)
c1_030,float,,Dimension 30 for Signaturizer3D dataset networks (C) small molecule roles (C1)
c1_031,float,,Dimension 31 for Signaturizer3D dataset networks (C) small molecule roles (C1)
c1_032,float,,Dimension 32 for Signaturizer3D dataset networks (C) small molecule roles (C1)
c1_033,float,,Dimension 33 for Signaturizer3D dataset networks (C) small molecule roles (C1)
c1_034,float,,Dimension 34 for Signaturizer3D dataset networks (C) small molecule roles (C1)
c1_035,float,,Dimension 35 for Signaturizer3D dataset networks (C) small molecule roles (C1)
c1_036,float,,Dimension 36 for Signaturizer3D dataset networks (C) small molecule roles (C1)
c1_037,float,,Dimension 37 for Signaturizer3D dataset networks (C) small molecule roles (C1)
c1_038,float,,Dimension 38 for Signaturizer3D dataset networks (C) small molecule roles (C1)
c1_039,float,,Dimension 39 for Signaturizer3D dataset networks (C) small molecule roles (C1)
c1_040,float,,Dimension 40 for Signaturizer3D dataset networks (C) small molecule roles (C1)
c1_041,float,,Dimension 41 for Signaturizer3D dataset networks (C) small molecule roles (C1)
c1_042,float,,Dimension 42 for Signaturizer3D dataset networks (C) small molecule roles (C1)
c1_043,float,,Dimension 43 for Signaturizer3D dataset networks (C) small molecule roles (C1)
c1_044,float,,Dimension 44 for Signaturizer3D dataset networks (C) small molecule roles (C1)
c1_045,float,,Dimension 45 for Signaturizer3D dataset networks (C) small molecule roles (C1)
c1_046,float,,Dimension 46 for Signaturizer3D dataset networks (C) small molecule roles (C1)
c1_047,float,,Dimension 47 for Signaturizer3D dataset networks (C) small molecule roles (C1)
c1_048,float,,Dimension 48 for Signaturizer3D dataset networks (C) small molecule roles (C1)
c1_049,float,,Dimension 49 for Signaturizer3D dataset networks (C) small molecule roles (C1)
c1_050,float,,Dimension 50 for Signaturizer3D dataset networks (C) small molecule roles (C1)
c1_051,float,,Dimension 51 for Signaturizer3D dataset networks (C) small molecule roles (C1)
c1_052,float,,Dimension 52 for Signaturizer3D dataset networks (C) small molecule roles (C1)
c1_053,float,,Dimension 53 for Signaturizer3D dataset networks (C) small molecule roles (C1)
c1_054,float,,Dimension 54 for Signaturizer3D dataset networks (C) small molecule roles (C1)
c1_055,float,,Dimension 55 for Signaturizer3D dataset networks (C) small molecule roles (C1)
c1_056,float,,Dimension 56 for Signaturizer3D dataset networks (C) small molecule roles (C1)
c1_057,float,,Dimension 57 for Signaturizer3D dataset networks (C) small molecule roles (C1)
c1_058,float,,Dimension 58 for Signaturizer3D dataset networks (C) small molecule roles (C1)
c1_059,float,,Dimension 59 for Signaturizer3D dataset networks (C) small molecule roles (C1)
c1_060,float,,Dimension 60 for Signaturizer3D dataset networks (C) small molecule roles (C1)
c1_061,float,,Dimension 61 for Signaturizer3D dataset networks (C) small molecule roles (C1)
c1_062,float,,Dimension 62 for Signaturizer3D dataset networks (C) small molecule roles (C1)
c1_063,float,,Dimension 63 for Signaturizer3D dataset networks (C) small molecule roles (C1)
c1_064,float,,Dimension 64 for Signaturizer3D dataset networks (C) small molecule roles (C1)
c1_065,float,,Dimension 65 for Signaturizer3D dataset networks (C) small molecule roles (C1)
c1_066,float,,Dimension 66 for Signaturizer3D dataset networks (C) small molecule roles (C1)
c1_067,float,,Dimension 67 for Signaturizer3D dataset networks (C) small molecule roles (C1)
c1_068,float,,Dimension 68 for Signaturizer3D dataset networks (C) small molecule roles (C1)
c1_069,float,,Dimension 69 for Signaturizer3D dataset networks (C) small molecule roles (C1)
c1_070,float,,Dimension 70 for Signaturizer3D dataset networks (C) small molecule roles (C1)
c1_071,float,,Dimension 71 for Signaturizer3D dataset networks (C) small molecule roles (C1)
c1_072,float,,Dimension 72 for Signaturizer3D dataset networks (C) small molecule roles (C1)
c1_073,float,,Dimension 73 for Signaturizer3D dataset networks (C) small molecule roles (C1)
c1_074,float,,Dimension 74 for Signaturizer3D dataset networks (C) small molecule roles (C1)
c1_075,float,,Dimension 75 for Signaturizer3D dataset networks (C) small molecule roles (C1)
c1_076,float,,Dimension 76 for Signaturizer3D dataset networks (C) small molecule roles (C1)
c1_077,float,,Dimension 77 for Signaturizer3D dataset networks (C) small molecule roles (C1)
c1_078,float,,Dimension 78 for Signaturizer3D dataset networks (C) small molecule roles (C1)
c1_079,float,,Dimension 79 for Signaturizer3D dataset networks (C) small molecule roles (C1)
c1_080,float,,Dimension 80 for Signaturizer3D dataset networks (C) small molecule roles (C1)
c1_081,float,,Dimension 81 for Signaturizer3D dataset networks (C) small molecule roles (C1)
c1_082,float,,Dimension 82 for Signaturizer3D dataset networks (C) small molecule roles (C1)
c1_083,float,,Dimension 83 for Signaturizer3D dataset networks (C) small molecule roles (C1)
c1_084,float,,Dimension 84 for Signaturizer3D dataset networks (C) small molecule roles (C1)
c1_085,float,,Dimension 85 for Signaturizer3D dataset networks (C) small molecule roles (C1)
c1_086,float,,Dimension 86 for Signaturizer3D dataset networks (C) small molecule roles (C1)
c1_087,float,,Dimension 87 for Signaturizer3D dataset networks (C) small molecule roles (C1)
c1_088,float,,Dimension 88 for Signaturizer3D dataset networks (C) small molecule roles (C1)
c1_089,float,,Dimension 89 for Signaturizer3D dataset networks (C) small molecule roles (C1)
c1_090,float,,Dimension 90 for Signaturizer3D dataset networks (C) small molecule roles (C1)
c1_091,float,,Dimension 91 for Signaturizer3D dataset networks (C) small molecule roles (C1)
c1_092,float,,Dimension 92 for Signaturizer3D dataset networks (C) small molecule roles (C1)
c1_093,float,,Dimension 93 for Signaturizer3D dataset networks (C) small molecule roles (C1)
c1_094,float,,Dimension 94 for Signaturizer3D dataset networks (C) small molecule roles (C1)
c1_095,float,,Dimension 95 for Signaturizer3D dataset networks (C) small molecule roles (C1)
c1_096,float,,Dimension 96 for Signaturizer3D dataset networks (C) small molecule roles (C1)
c1_097,float,,Dimension 97 for Signaturizer3D dataset networks (C) small molecule roles (C1)
c1_098,float,,Dimension 98 for Signaturizer3D dataset networks (C) small molecule roles (C1)
c1_099,float,,Dimension 99 for Signaturizer3D dataset networks (C) small molecule roles (C1)
c1_100,float,,Dimension 100 for Signaturizer3D dataset networks (C) small molecule roles (C1)
c1_101,float,,Dimension 101 for Signaturizer3D dataset networks (C) small molecule roles (C1)
c1_102,float,,Dimension 102 for Signaturizer3D dataset networks (C) small molecule roles (C1)
c1_103,float,,Dimension 103 for Signaturizer3D dataset networks (C) small molecule roles (C1)
c1_104,float,,Dimension 104 for Signaturizer3D dataset networks (C) small molecule roles (C1)
c1_105,float,,Dimension 105 for Signaturizer3D dataset networks (C) small molecule roles (C1)
c1_106,float,,Dimension 106 for Signaturizer3D dataset networks (C) small molecule roles (C1)
c1_107,float,,Dimension 107 for Signaturizer3D dataset networks (C) small molecule roles (C1)
c1_108,float,,Dimension 108 for Signaturizer3D dataset networks (C) small molecule roles (C1)
c1_109,float,,Dimension 109 for Signaturizer3D dataset networks (C) small molecule roles (C1)
c1_110,float,,Dimension 110 for Signaturizer3D dataset networks (C) small molecule roles (C1)
c1_111,float,,Dimension 111 for Signaturizer3D dataset networks (C) small molecule roles (C1)
c1_112,float,,Dimension 112 for Signaturizer3D dataset networks (C) small molecule roles (C1)
c1_113,float,,Dimension 113 for Signaturizer3D dataset networks (C) small molecule roles (C1)
c1_114,float,,Dimension 114 for Signaturizer3D dataset networks (C) small molecule roles (C1)
c1_115,float,,Dimension 115 for Signaturizer3D dataset networks (C) small molecule roles (C1)
c1_116,float,,Dimension 116 for Signaturizer3D dataset networks (C) small molecule roles (C1)
c1_117,float,,Dimension 117 for Signaturizer3D dataset networks (C) small molecule roles (C1)
c1_118,float,,Dimension 118 for Signaturizer3D dataset networks (C) small molecule roles (C1)
c1_119,float,,Dimension 119 for Signaturizer3D dataset networks (C) small molecule roles (C1)
c1_120,float,,Dimension 120 for Signaturizer3D dataset networks (C) small molecule roles (C1)
c1_121,float,,Dimension 121 for Signaturizer3D dataset networks (C) small molecule roles (C1)
c1_122,float,,Dimension 122 for Signaturizer3D dataset networks (C) small molecule roles (C1)
c1_123,float,,Dimension 123 for Signaturizer3D dataset networks (C) small molecule roles (C1)
c1_124,float,,Dimension 124 for Signaturizer3D dataset networks (C) small molecule roles (C1)
c1_125,float,,Dimension 125 for Signaturizer3D dataset networks (C) small molecule roles (C1)
c1_126,float,,Dimension 126 for Signaturizer3D dataset networks (C) small molecule roles (C1)
c1_127,float,,Dimension 127 for Signaturizer3D dataset networks (C) small molecule roles (C1)
c2_000,float,,Dimension 0 for Signaturizer3D dataset networks (C) small molecule pathways (C2)
c2_001,float,,Dimension 1 for Signaturizer3D dataset networks (C) small molecule pathways (C2)
c2_002,float,,Dimension 2 for Signaturizer3D dataset networks (C) small molecule pathways (C2)
c2_003,float,,Dimension 3 for Signaturizer3D dataset networks (C) small molecule pathways (C2)
c2_004,float,,Dimension 4 for Signaturizer3D dataset networks (C) small molecule pathways (C2)
c2_005,float,,Dimension 5 for Signaturizer3D dataset networks (C) small molecule pathways (C2)
c2_006,float,,Dimension 6 for Signaturizer3D dataset networks (C) small molecule pathways (C2)
c2_007,float,,Dimension 7 for Signaturizer3D dataset networks (C) small molecule pathways (C2)
c2_008,float,,Dimension 8 for Signaturizer3D dataset networks (C) small molecule pathways (C2)
c2_009,float,,Dimension 9 for Signaturizer3D dataset networks (C) small molecule pathways (C2)
c2_010,float,,Dimension 10 for Signaturizer3D dataset networks (C) small molecule pathways (C2)
c2_011,float,,Dimension 11 for Signaturizer3D dataset networks (C) small molecule pathways (C2)
c2_012,float,,Dimension 12 for Signaturizer3D dataset networks (C) small molecule pathways (C2)
c2_013,float,,Dimension 13 for Signaturizer3D dataset networks (C) small molecule pathways (C2)
c2_014,float,,Dimension 14 for Signaturizer3D dataset networks (C) small molecule pathways (C2)
c2_015,float,,Dimension 15 for Signaturizer3D dataset networks (C) small molecule pathways (C2)
c2_016,float,,Dimension 16 for Signaturizer3D dataset networks (C) small molecule pathways (C2)
c2_017,float,,Dimension 17 for Signaturizer3D dataset networks (C) small molecule pathways (C2)
c2_018,float,,Dimension 18 for Signaturizer3D dataset networks (C) small molecule pathways (C2)
c2_019,float,,Dimension 19 for Signaturizer3D dataset networks (C) small molecule pathways (C2)
c2_020,float,,Dimension 20 for Signaturizer3D dataset networks (C) small molecule pathways (C2)
c2_021,float,,Dimension 21 for Signaturizer3D dataset networks (C) small molecule pathways (C2)
c2_022,float,,Dimension 22 for Signaturizer3D dataset networks (C) small molecule pathways (C2)
c2_023,float,,Dimension 23 for Signaturizer3D dataset networks (C) small molecule pathways (C2)
c2_024,float,,Dimension 24 for Signaturizer3D dataset networks (C) small molecule pathways (C2)
c2_025,float,,Dimension 25 for Signaturizer3D dataset networks (C) small molecule pathways (C2)
c2_026,float,,Dimension 26 for Signaturizer3D dataset networks (C) small molecule pathways (C2)
c2_027,float,,Dimension 27 for Signaturizer3D dataset networks (C) small molecule pathways (C2)
c2_028,float,,Dimension 28 for Signaturizer3D dataset networks (C) small molecule pathways (C2)
c2_029,float,,Dimension 29 for Signaturizer3D dataset networks (C) small molecule pathways (C2)
c2_030,float,,Dimension 30 for Signaturizer3D dataset networks (C) small molecule pathways (C2)
c2_031,float,,Dimension 31 for Signaturizer3D dataset networks (C) small molecule pathways (C2)
c2_032,float,,Dimension 32 for Signaturizer3D dataset networks (C) small molecule pathways (C2)
c2_033,float,,Dimension 33 for Signaturizer3D dataset networks (C) small molecule pathways (C2)
c2_034,float,,Dimension 34 for Signaturizer3D dataset networks (C) small molecule pathways (C2)
c2_035,float,,Dimension 35 for Signaturizer3D dataset networks (C) small molecule pathways (C2)
c2_036,float,,Dimension 36 for Signaturizer3D dataset networks (C) small molecule pathways (C2)
c2_037,float,,Dimension 37 for Signaturizer3D dataset networks (C) small molecule pathways (C2)
c2_038,float,,Dimension 38 for Signaturizer3D dataset networks (C) small molecule pathways (C2)
c2_039,float,,Dimension 39 for Signaturizer3D dataset networks (C) small molecule pathways (C2)
c2_040,float,,Dimension 40 for Signaturizer3D dataset networks (C) small molecule pathways (C2)
c2_041,float,,Dimension 41 for Signaturizer3D dataset networks (C) small molecule pathways (C2)
c2_042,float,,Dimension 42 for Signaturizer3D dataset networks (C) small molecule pathways (C2)
c2_043,float,,Dimension 43 for Signaturizer3D dataset networks (C) small molecule pathways (C2)
c2_044,float,,Dimension 44 for Signaturizer3D dataset networks (C) small molecule pathways (C2)
c2_045,float,,Dimension 45 for Signaturizer3D dataset networks (C) small molecule pathways (C2)
c2_046,float,,Dimension 46 for Signaturizer3D dataset networks (C) small molecule pathways (C2)
c2_047,float,,Dimension 47 for Signaturizer3D dataset networks (C) small molecule pathways (C2)
c2_048,float,,Dimension 48 for Signaturizer3D dataset networks (C) small molecule pathways (C2)
c2_049,float,,Dimension 49 for Signaturizer3D dataset networks (C) small molecule pathways (C2)
c2_050,float,,Dimension 50 for Signaturizer3D dataset networks (C) small molecule pathways (C2)
c2_051,float,,Dimension 51 for Signaturizer3D dataset networks (C) small molecule pathways (C2)
c2_052,float,,Dimension 52 for Signaturizer3D dataset networks (C) small molecule pathways (C2)
c2_053,float,,Dimension 53 for Signaturizer3D dataset networks (C) small molecule pathways (C2)
c2_054,float,,Dimension 54 for Signaturizer3D dataset networks (C) small molecule pathways (C2)
c2_055,float,,Dimension 55 for Signaturizer3D dataset networks (C) small molecule pathways (C2)
c2_056,float,,Dimension 56 for Signaturizer3D dataset networks (C) small molecule pathways (C2)
c2_057,float,,Dimension 57 for Signaturizer3D dataset networks (C) small molecule pathways (C2)
c2_058,float,,Dimension 58 for Signaturizer3D dataset networks (C) small molecule pathways (C2)
c2_059,float,,Dimension 59 for Signaturizer3D dataset networks (C) small molecule pathways (C2)
c2_060,float,,Dimension 60 for Signaturizer3D dataset networks (C) small molecule pathways (C2)
c2_061,float,,Dimension 61 for Signaturizer3D dataset networks (C) small molecule pathways (C2)
c2_062,float,,Dimension 62 for Signaturizer3D dataset networks (C) small molecule pathways (C2)
c2_063,float,,Dimension 63 for Signaturizer3D dataset networks (C) small molecule pathways (C2)
c2_064,float,,Dimension 64 for Signaturizer3D dataset networks (C) small molecule pathways (C2)
c2_065,float,,Dimension 65 for Signaturizer3D dataset networks (C) small molecule pathways (C2)
c2_066,float,,Dimension 66 for Signaturizer3D dataset networks (C) small molecule pathways (C2)
c2_067,float,,Dimension 67 for Signaturizer3D dataset networks (C) small molecule pathways (C2)
c2_068,float,,Dimension 68 for Signaturizer3D dataset networks (C) small molecule pathways (C2)
c2_069,float,,Dimension 69 for Signaturizer3D dataset networks (C) small molecule pathways (C2)
c2_070,float,,Dimension 70 for Signaturizer3D dataset networks (C) small molecule pathways (C2)
c2_071,float,,Dimension 71 for Signaturizer3D dataset networks (C) small molecule pathways (C2)
c2_072,float,,Dimension 72 for Signaturizer3D dataset networks (C) small molecule pathways (C2)
c2_073,float,,Dimension 73 for Signaturizer3D dataset networks (C) small molecule pathways (C2)
c2_074,float,,Dimension 74 for Signaturizer3D dataset networks (C) small molecule pathways (C2)
c2_075,float,,Dimension 75 for Signaturizer3D dataset networks (C) small molecule pathways (C2)
c2_076,float,,Dimension 76 for Signaturizer3D dataset networks (C) small molecule pathways (C2)
c2_077,float,,Dimension 77 for Signaturizer3D dataset networks (C) small molecule pathways (C2)
c2_078,float,,Dimension 78 for Signaturizer3D dataset networks (C) small molecule pathways (C2)
c2_079,float,,Dimension 79 for Signaturizer3D dataset networks (C) small molecule pathways (C2)
c2_080,float,,Dimension 80 for Signaturizer3D dataset networks (C) small molecule pathways (C2)
c2_081,float,,Dimension 81 for Signaturizer3D dataset networks (C) small molecule pathways (C2)
c2_082,float,,Dimension 82 for Signaturizer3D dataset networks (C) small molecule pathways (C2)
c2_083,float,,Dimension 83 for Signaturizer3D dataset networks (C) small molecule pathways (C2)
c2_084,float,,Dimension 84 for Signaturizer3D dataset networks (C) small molecule pathways (C2)
c2_085,float,,Dimension 85 for Signaturizer3D dataset networks (C) small molecule pathways (C2)
c2_086,float,,Dimension 86 for Signaturizer3D dataset networks (C) small molecule pathways (C2)
c2_087,float,,Dimension 87 for Signaturizer3D dataset networks (C) small molecule pathways (C2)
c2_088,float,,Dimension 88 for Signaturizer3D dataset networks (C) small molecule pathways (C2)
c2_089,float,,Dimension 89 for Signaturizer3D dataset networks (C) small molecule pathways (C2)
c2_090,float,,Dimension 90 for Signaturizer3D dataset networks (C) small molecule pathways (C2)
c2_091,float,,Dimension 91 for Signaturizer3D dataset networks (C) small molecule pathways (C2)
c2_092,float,,Dimension 92 for Signaturizer3D dataset networks (C) small molecule pathways (C2)
c2_093,float,,Dimension 93 for Signaturizer3D dataset networks (C) small molecule pathways (C2)
c2_094,float,,Dimension 94 for Signaturizer3D dataset networks (C) small molecule pathways (C2)
c2_095,float,,Dimension 95 for Signaturizer3D dataset networks (C) small molecule pathways (C2)
c2_096,float,,Dimension 96 for Signaturizer3D dataset networks (C) small molecule pathways (C2)
c2_097,float,,Dimension 97 for Signaturizer3D dataset networks (C) small molecule pathways (C2)
c2_098,float,,Dimension 98 for Signaturizer3D dataset networks (C) small molecule pathways (C2)
c2_099,float,,Dimension 99 for Signaturizer3D dataset networks (C) small molecule pathways (C2)
c2_100,float,,Dimension 100 for Signaturizer3D dataset networks (C) small molecule pathways (C2)
c2_101,float,,Dimension 101 for Signaturizer3D dataset networks (C) small molecule pathways (C2)
c2_102,float,,Dimension 102 for Signaturizer3D dataset networks (C) small molecule pathways (C2)
c2_103,float,,Dimension 103 for Signaturizer3D dataset networks (C) small molecule pathways (C2)
c2_104,float,,Dimension 104 for Signaturizer3D dataset networks (C) small molecule pathways (C2)
c2_105,float,,Dimension 105 for Signaturizer3D dataset networks (C) small molecule pathways (C2)
c2_106,float,,Dimension 106 for Signaturizer3D dataset networks (C) small molecule pathways (C2)
c2_107,float,,Dimension 107 for Signaturizer3D dataset networks (C) small molecule pathways (C2)
c2_108,float,,Dimension 108 for Signaturizer3D dataset networks (C) small molecule pathways (C2)
c2_109,float,,Dimension 109 for Signaturizer3D dataset networks (C) small molecule pathways (C2)
c2_110,float,,Dimension 110 for Signaturizer3D dataset networks (C) small molecule pathways (C2)
c2_111,float,,Dimension 111 for Signaturizer3D dataset networks (C) small molecule pathways (C2)
c2_112,float,,Dimension 112 for Signaturizer3D dataset networks (C) small molecule pathways (C2)
c2_113,float,,Dimension 113 for Signaturizer3D dataset networks (C) small molecule pathways (C2)
c2_114,float,,Dimension 114 for Signaturizer3D dataset networks (C) small molecule pathways (C2)
c2_115,float,,Dimension 115 for Signaturizer3D dataset networks (C) small molecule pathways (C2)
c2_116,float,,Dimension 116 for Signaturizer3D dataset networks (C) small molecule pathways (C2)
c2_117,float,,Dimension 117 for Signaturizer3D dataset networks (C) small molecule pathways (C2)
c2_118,float,,Dimension 118 for Signaturizer3D dataset networks (C) small molecule pathways (C2)
c2_119,float,,Dimension 119 for Signaturizer3D dataset networks (C) small molecule pathways (C2)
c2_120,float,,Dimension 120 for Signaturizer3D dataset networks (C) small molecule pathways (C2)
c2_121,float,,Dimension 121 for Signaturizer3D dataset networks (C) small molecule pathways (C2)
c2_122,float,,Dimension 122 for Signaturizer3D dataset networks (C) small molecule pathways (C2)
c2_123,float,,Dimension 123 for Signaturizer3D dataset networks (C) small molecule pathways (C2)
c2_124,float,,Dimension 124 for Signaturizer3D dataset networks (C) small molecule pathways (C2)
c2_125,float,,Dimension 125 for Signaturizer3D dataset networks (C) small molecule pathways (C2)
c2_126,float,,Dimension 126 for Signaturizer3D dataset networks (C) small molecule pathways (C2)
c2_127,float,,Dimension 127 for Signaturizer3D dataset networks (C) small molecule pathways (C2)
c3_000,float,,Dimension 0 for Signaturizer3D dataset networks (C) signaling pathways (C3)
c3_001,float,,Dimension 1 for Signaturizer3D dataset networks (C) signaling pathways (C3)
c3_002,float,,Dimension 2 for Signaturizer3D dataset networks (C) signaling pathways (C3)
c3_003,float,,Dimension 3 for Signaturizer3D dataset networks (C) signaling pathways (C3)
c3_004,float,,Dimension 4 for Signaturizer3D dataset networks (C) signaling pathways (C3)
c3_005,float,,Dimension 5 for Signaturizer3D dataset networks (C) signaling pathways (C3)
c3_006,float,,Dimension 6 for Signaturizer3D dataset networks (C) signaling pathways (C3)
c3_007,float,,Dimension 7 for Signaturizer3D dataset networks (C) signaling pathways (C3)
c3_008,float,,Dimension 8 for Signaturizer3D dataset networks (C) signaling pathways (C3)
c3_009,float,,Dimension 9 for Signaturizer3D dataset networks (C) signaling pathways (C3)
c3_010,float,,Dimension 10 for Signaturizer3D dataset networks (C) signaling pathways (C3)
c3_011,float,,Dimension 11 for Signaturizer3D dataset networks (C) signaling pathways (C3)
c3_012,float,,Dimension 12 for Signaturizer3D dataset networks (C) signaling pathways (C3)
c3_013,float,,Dimension 13 for Signaturizer3D dataset networks (C) signaling pathways (C3)
c3_014,float,,Dimension 14 for Signaturizer3D dataset networks (C) signaling pathways (C3)
c3_015,float,,Dimension 15 for Signaturizer3D dataset networks (C) signaling pathways (C3)
c3_016,float,,Dimension 16 for Signaturizer3D dataset networks (C) signaling pathways (C3)
c3_017,float,,Dimension 17 for Signaturizer3D dataset networks (C) signaling pathways (C3)
c3_018,float,,Dimension 18 for Signaturizer3D dataset networks (C) signaling pathways (C3)
c3_019,float,,Dimension 19 for Signaturizer3D dataset networks (C) signaling pathways (C3)
c3_020,float,,Dimension 20 for Signaturizer3D dataset networks (C) signaling pathways (C3)
c3_021,float,,Dimension 21 for Signaturizer3D dataset networks (C) signaling pathways (C3)
c3_022,float,,Dimension 22 for Signaturizer3D dataset networks (C) signaling pathways (C3)
c3_023,float,,Dimension 23 for Signaturizer3D dataset networks (C) signaling pathways (C3)
c3_024,float,,Dimension 24 for Signaturizer3D dataset networks (C) signaling pathways (C3)
c3_025,float,,Dimension 25 for Signaturizer3D dataset networks (C) signaling pathways (C3)
c3_026,float,,Dimension 26 for Signaturizer3D dataset networks (C) signaling pathways (C3)
c3_027,float,,Dimension 27 for Signaturizer3D dataset networks (C) signaling pathways (C3)
c3_028,float,,Dimension 28 for Signaturizer3D dataset networks (C) signaling pathways (C3)
c3_029,float,,Dimension 29 for Signaturizer3D dataset networks (C) signaling pathways (C3)
c3_030,float,,Dimension 30 for Signaturizer3D dataset networks (C) signaling pathways (C3)
c3_031,float,,Dimension 31 for Signaturizer3D dataset networks (C) signaling pathways (C3)
c3_032,float,,Dimension 32 for Signaturizer3D dataset networks (C) signaling pathways (C3)
c3_033,float,,Dimension 33 for Signaturizer3D dataset networks (C) signaling pathways (C3)
c3_034,float,,Dimension 34 for Signaturizer3D dataset networks (C) signaling pathways (C3)
c3_035,float,,Dimension 35 for Signaturizer3D dataset networks (C) signaling pathways (C3)
c3_036,float,,Dimension 36 for Signaturizer3D dataset networks (C) signaling pathways (C3)
c3_037,float,,Dimension 37 for Signaturizer3D dataset networks (C) signaling pathways (C3)
c3_038,float,,Dimension 38 for Signaturizer3D dataset networks (C) signaling pathways (C3)
c3_039,float,,Dimension 39 for Signaturizer3D dataset networks (C) signaling pathways (C3)
c3_040,float,,Dimension 40 for Signaturizer3D dataset networks (C) signaling pathways (C3)
c3_041,float,,Dimension 41 for Signaturizer3D dataset networks (C) signaling pathways (C3)
c3_042,float,,Dimension 42 for Signaturizer3D dataset networks (C) signaling pathways (C3)
c3_043,float,,Dimension 43 for Signaturizer3D dataset networks (C) signaling pathways (C3)
c3_044,float,,Dimension 44 for Signaturizer3D dataset networks (C) signaling pathways (C3)
c3_045,float,,Dimension 45 for Signaturizer3D dataset networks (C) signaling pathways (C3)
c3_046,float,,Dimension 46 for Signaturizer3D dataset networks (C) signaling pathways (C3)
c3_047,float,,Dimension 47 for Signaturizer3D dataset networks (C) signaling pathways (C3)
c3_048,float,,Dimension 48 for Signaturizer3D dataset networks (C) signaling pathways (C3)
c3_049,float,,Dimension 49 for Signaturizer3D dataset networks (C) signaling pathways (C3)
c3_050,float,,Dimension 50 for Signaturizer3D dataset networks (C) signaling pathways (C3)
c3_051,float,,Dimension 51 for Signaturizer3D dataset networks (C) signaling pathways (C3)
c3_052,float,,Dimension 52 for Signaturizer3D dataset networks (C) signaling pathways (C3)
c3_053,float,,Dimension 53 for Signaturizer3D dataset networks (C) signaling pathways (C3)
c3_054,float,,Dimension 54 for Signaturizer3D dataset networks (C) signaling pathways (C3)
c3_055,float,,Dimension 55 for Signaturizer3D dataset networks (C) signaling pathways (C3)
c3_056,float,,Dimension 56 for Signaturizer3D dataset networks (C) signaling pathways (C3)
c3_057,float,,Dimension 57 for Signaturizer3D dataset networks (C) signaling pathways (C3)
c3_058,float,,Dimension 58 for Signaturizer3D dataset networks (C) signaling pathways (C3)
c3_059,float,,Dimension 59 for Signaturizer3D dataset networks (C) signaling pathways (C3)
c3_060,float,,Dimension 60 for Signaturizer3D dataset networks (C) signaling pathways (C3)
c3_061,float,,Dimension 61 for Signaturizer3D dataset networks (C) signaling pathways (C3)
c3_062,float,,Dimension 62 for Signaturizer3D dataset networks (C) signaling pathways (C3)
c3_063,float,,Dimension 63 for Signaturizer3D dataset networks (C) signaling pathways (C3)
c3_064,float,,Dimension 64 for Signaturizer3D dataset networks (C) signaling pathways (C3)
c3_065,float,,Dimension 65 for Signaturizer3D dataset networks (C) signaling pathways (C3)
c3_066,float,,Dimension 66 for Signaturizer3D dataset networks (C) signaling pathways (C3)
c3_067,float,,Dimension 67 for Signaturizer3D dataset networks (C) signaling pathways (C3)
c3_068,float,,Dimension 68 for Signaturizer3D dataset networks (C) signaling pathways (C3)
c3_069,float,,Dimension 69 for Signaturizer3D dataset networks (C) signaling pathways (C3)
c3_070,float,,Dimension 70 for Signaturizer3D dataset networks (C) signaling pathways (C3)
c3_071,float,,Dimension 71 for Signaturizer3D dataset networks (C) signaling pathways (C3)
c3_072,float,,Dimension 72 for Signaturizer3D dataset networks (C) signaling pathways (C3)
c3_073,float,,Dimension 73 for Signaturizer3D dataset networks (C) signaling pathways (C3)
c3_074,float,,Dimension 74 for Signaturizer3D dataset networks (C) signaling pathways (C3)
c3_075,float,,Dimension 75 for Signaturizer3D dataset networks (C) signaling pathways (C3)
c3_076,float,,Dimension 76 for Signaturizer3D dataset networks (C) signaling pathways (C3)
c3_077,float,,Dimension 77 for Signaturizer3D dataset networks (C) signaling pathways (C3)
c3_078,float,,Dimension 78 for Signaturizer3D dataset networks (C) signaling pathways (C3)
c3_079,float,,Dimension 79 for Signaturizer3D dataset networks (C) signaling pathways (C3)
c3_080,float,,Dimension 80 for Signaturizer3D dataset networks (C) signaling pathways (C3)
c3_081,float,,Dimension 81 for Signaturizer3D dataset networks (C) signaling pathways (C3)
c3_082,float,,Dimension 82 for Signaturizer3D dataset networks (C) signaling pathways (C3)
c3_083,float,,Dimension 83 for Signaturizer3D dataset networks (C) signaling pathways (C3)
c3_084,float,,Dimension 84 for Signaturizer3D dataset networks (C) signaling pathways (C3)
c3_085,float,,Dimension 85 for Signaturizer3D dataset networks (C) signaling pathways (C3)
c3_086,float,,Dimension 86 for Signaturizer3D dataset networks (C) signaling pathways (C3)
c3_087,float,,Dimension 87 for Signaturizer3D dataset networks (C) signaling pathways (C3)
c3_088,float,,Dimension 88 for Signaturizer3D dataset networks (C) signaling pathways (C3)
c3_089,float,,Dimension 89 for Signaturizer3D dataset networks (C) signaling pathways (C3)
c3_090,float,,Dimension 90 for Signaturizer3D dataset networks (C) signaling pathways (C3)
c3_091,float,,Dimension 91 for Signaturizer3D dataset networks (C) signaling pathways (C3)
c3_092,float,,Dimension 92 for Signaturizer3D dataset networks (C) signaling pathways (C3)
c3_093,float,,Dimension 93 for Signaturizer3D dataset networks (C) signaling pathways (C3)
c3_094,float,,Dimension 94 for Signaturizer3D dataset networks (C) signaling pathways (C3)
c3_095,float,,Dimension 95 for Signaturizer3D dataset networks (C) signaling pathways (C3)
c3_096,float,,Dimension 96 for Signaturizer3D dataset networks (C) signaling pathways (C3)
c3_097,float,,Dimension 97 for Signaturizer3D dataset networks (C) signaling pathways (C3)
c3_098,float,,Dimension 98 for Signaturizer3D dataset networks (C) signaling pathways (C3)
c3_099,float,,Dimension 99 for Signaturizer3D dataset networks (C) signaling pathways (C3)
c3_100,float,,Dimension 100 for Signaturizer3D dataset networks (C) signaling pathways (C3)
c3_101,float,,Dimension 101 for Signaturizer3D dataset networks (C) signaling pathways (C3)
c3_102,float,,Dimension 102 for Signaturizer3D dataset networks (C) signaling pathways (C3)
c3_103,float,,Dimension 103 for Signaturizer3D dataset networks (C) signaling pathways (C3)
c3_104,float,,Dimension 104 for Signaturizer3D dataset networks (C) signaling pathways (C3)
c3_105,float,,Dimension 105 for Signaturizer3D dataset networks (C) signaling pathways (C3)
c3_106,float,,Dimension 106 for Signaturizer3D dataset networks (C) signaling pathways (C3)
c3_107,float,,Dimension 107 for Signaturizer3D dataset networks (C) signaling pathways (C3)
c3_108,float,,Dimension 108 for Signaturizer3D dataset networks (C) signaling pathways (C3)
c3_109,float,,Dimension 109 for Signaturizer3D dataset networks (C) signaling pathways (C3)
c3_110,float,,Dimension 110 for Signaturizer3D dataset networks (C) signaling pathways (C3)
c3_111,float,,Dimension 111 for Signaturizer3D dataset networks (C) signaling pathways (C3)
c3_112,float,,Dimension 112 for Signaturizer3D dataset networks (C) signaling pathways (C3)
c3_113,float,,Dimension 113 for Signaturizer3D dataset networks (C) signaling pathways (C3)
c3_114,float,,Dimension 114 for Signaturizer3D dataset networks (C) signaling pathways (C3)
c3_115,float,,Dimension 115 for Signaturizer3D dataset networks (C) signaling pathways (C3)
c3_116,float,,Dimension 116 for Signaturizer3D dataset networks (C) signaling pathways (C3)
c3_117,float,,Dimension 117 for Signaturizer3D dataset networks (C) signaling pathways (C3)
c3_118,float,,Dimension 118 for Signaturizer3D dataset networks (C) signaling pathways (C3)
c3_119,float,,Dimension 119 for Signaturizer3D dataset networks (C) signaling pathways (C3)
c3_120,float,,Dimension 120 for Signaturizer3D dataset networks (C) signaling pathways (C3)
c3_121,float,,Dimension 121 for Signaturizer3D dataset networks (C) signaling pathways (C3)
c3_122,float,,Dimension 122 for Signaturizer3D dataset networks (C) signaling pathways (C3)
c3_123,float,,Dimension 123 for Signaturizer3D dataset networks (C) signaling pathways (C3)
c3_124,float,,Dimension 124 for Signaturizer3D dataset networks (C) signaling pathways (C3)
c3_125,float,,Dimension 125 for Signaturizer3D dataset networks (C) signaling pathways (C3)
c3_126,float,,Dimension 126 for Signaturizer3D dataset networks (C) signaling pathways (C3)
c3_127,float,,Dimension 127 for Signaturizer3D dataset networks (C) signaling pathways (C3)
c4_000,float,,Dimension 0 for Signaturizer3D dataset networks (C) biological processes (C4)
c4_001,float,,Dimension 1 for Signaturizer3D dataset networks (C) biological processes (C4)
c4_002,float,,Dimension 2 for Signaturizer3D dataset networks (C) biological processes (C4)
c4_003,float,,Dimension 3 for Signaturizer3D dataset networks (C) biological processes (C4)
c4_004,float,,Dimension 4 for Signaturizer3D dataset networks (C) biological processes (C4)
c4_005,float,,Dimension 5 for Signaturizer3D dataset networks (C) biological processes (C4)
c4_006,float,,Dimension 6 for Signaturizer3D dataset networks (C) biological processes (C4)
c4_007,float,,Dimension 7 for Signaturizer3D dataset networks (C) biological processes (C4)
c4_008,float,,Dimension 8 for Signaturizer3D dataset networks (C) biological processes (C4)
c4_009,float,,Dimension 9 for Signaturizer3D dataset networks (C) biological processes (C4)
c4_010,float,,Dimension 10 for Signaturizer3D dataset networks (C) biological processes (C4)
c4_011,float,,Dimension 11 for Signaturizer3D dataset networks (C) biological processes (C4)
c4_012,float,,Dimension 12 for Signaturizer3D dataset networks (C) biological processes (C4)
c4_013,float,,Dimension 13 for Signaturizer3D dataset networks (C) biological processes (C4)
c4_014,float,,Dimension 14 for Signaturizer3D dataset networks (C) biological processes (C4)
c4_015,float,,Dimension 15 for Signaturizer3D dataset networks (C) biological processes (C4)
c4_016,float,,Dimension 16 for Signaturizer3D dataset networks (C) biological processes (C4)
c4_017,float,,Dimension 17 for Signaturizer3D dataset networks (C) biological processes (C4)
c4_018,float,,Dimension 18 for Signaturizer3D dataset networks (C) biological processes (C4)
c4_019,float,,Dimension 19 for Signaturizer3D dataset networks (C) biological processes (C4)
c4_020,float,,Dimension 20 for Signaturizer3D dataset networks (C) biological processes (C4)
c4_021,float,,Dimension 21 for Signaturizer3D dataset networks (C) biological processes (C4)
c4_022,float,,Dimension 22 for Signaturizer3D dataset networks (C) biological processes (C4)
c4_023,float,,Dimension 23 for Signaturizer3D dataset networks (C) biological processes (C4)
c4_024,float,,Dimension 24 for Signaturizer3D dataset networks (C) biological processes (C4)
c4_025,float,,Dimension 25 for Signaturizer3D dataset networks (C) biological processes (C4)
c4_026,float,,Dimension 26 for Signaturizer3D dataset networks (C) biological processes (C4)
c4_027,float,,Dimension 27 for Signaturizer3D dataset networks (C) biological processes (C4)
c4_028,float,,Dimension 28 for Signaturizer3D dataset networks (C) biological processes (C4)
c4_029,float,,Dimension 29 for Signaturizer3D dataset networks (C) biological processes (C4)
c4_030,float,,Dimension 30 for Signaturizer3D dataset networks (C) biological processes (C4)
c4_031,float,,Dimension 31 for Signaturizer3D dataset networks (C) biological processes (C4)
c4_032,float,,Dimension 32 for Signaturizer3D dataset networks (C) biological processes (C4)
c4_033,float,,Dimension 33 for Signaturizer3D dataset networks (C) biological processes (C4)
c4_034,float,,Dimension 34 for Signaturizer3D dataset networks (C) biological processes (C4)
c4_035,float,,Dimension 35 for Signaturizer3D dataset networks (C) biological processes (C4)
c4_036,float,,Dimension 36 for Signaturizer3D dataset networks (C) biological processes (C4)
c4_037,float,,Dimension 37 for Signaturizer3D dataset networks (C) biological processes (C4)
c4_038,float,,Dimension 38 for Signaturizer3D dataset networks (C) biological processes (C4)
c4_039,float,,Dimension 39 for Signaturizer3D dataset networks (C) biological processes (C4)
c4_040,float,,Dimension 40 for Signaturizer3D dataset networks (C) biological processes (C4)
c4_041,float,,Dimension 41 for Signaturizer3D dataset networks (C) biological processes (C4)
c4_042,float,,Dimension 42 for Signaturizer3D dataset networks (C) biological processes (C4)
c4_043,float,,Dimension 43 for Signaturizer3D dataset networks (C) biological processes (C4)
c4_044,float,,Dimension 44 for Signaturizer3D dataset networks (C) biological processes (C4)
c4_045,float,,Dimension 45 for Signaturizer3D dataset networks (C) biological processes (C4)
c4_046,float,,Dimension 46 for Signaturizer3D dataset networks (C) biological processes (C4)
c4_047,float,,Dimension 47 for Signaturizer3D dataset networks (C) biological processes (C4)
c4_048,float,,Dimension 48 for Signaturizer3D dataset networks (C) biological processes (C4)
c4_049,float,,Dimension 49 for Signaturizer3D dataset networks (C) biological processes (C4)
c4_050,float,,Dimension 50 for Signaturizer3D dataset networks (C) biological processes (C4)
c4_051,float,,Dimension 51 for Signaturizer3D dataset networks (C) biological processes (C4)
c4_052,float,,Dimension 52 for Signaturizer3D dataset networks (C) biological processes (C4)
c4_053,float,,Dimension 53 for Signaturizer3D dataset networks (C) biological processes (C4)
c4_054,float,,Dimension 54 for Signaturizer3D dataset networks (C) biological processes (C4)
c4_055,float,,Dimension 55 for Signaturizer3D dataset networks (C) biological processes (C4)
c4_056,float,,Dimension 56 for Signaturizer3D dataset networks (C) biological processes (C4)
c4_057,float,,Dimension 57 for Signaturizer3D dataset networks (C) biological processes (C4)
c4_058,float,,Dimension 58 for Signaturizer3D dataset networks (C) biological processes (C4)
c4_059,float,,Dimension 59 for Signaturizer3D dataset networks (C) biological processes (C4)
c4_060,float,,Dimension 60 for Signaturizer3D dataset networks (C) biological processes (C4)
c4_061,float,,Dimension 61 for Signaturizer3D dataset networks (C) biological processes (C4)
c4_062,float,,Dimension 62 for Signaturizer3D dataset networks (C) biological processes (C4)
c4_063,float,,Dimension 63 for Signaturizer3D dataset networks (C) biological processes (C4)
c4_064,float,,Dimension 64 for Signaturizer3D dataset networks (C) biological processes (C4)
c4_065,float,,Dimension 65 for Signaturizer3D dataset networks (C) biological processes (C4)
c4_066,float,,Dimension 66 for Signaturizer3D dataset networks (C) biological processes (C4)
c4_067,float,,Dimension 67 for Signaturizer3D dataset networks (C) biological processes (C4)
c4_068,float,,Dimension 68 for Signaturizer3D dataset networks (C) biological processes (C4)
c4_069,float,,Dimension 69 for Signaturizer3D dataset networks (C) biological processes (C4)
c4_070,float,,Dimension 70 for Signaturizer3D dataset networks (C) biological processes (C4)
c4_071,float,,Dimension 71 for Signaturizer3D dataset networks (C) biological processes (C4)
c4_072,float,,Dimension 72 for Signaturizer3D dataset networks (C) biological processes (C4)
c4_073,float,,Dimension 73 for Signaturizer3D dataset networks (C) biological processes (C4)
c4_074,float,,Dimension 74 for Signaturizer3D dataset networks (C) biological processes (C4)
c4_075,float,,Dimension 75 for Signaturizer3D dataset networks (C) biological processes (C4)
c4_076,float,,Dimension 76 for Signaturizer3D dataset networks (C) biological processes (C4)
c4_077,float,,Dimension 77 for Signaturizer3D dataset networks (C) biological processes (C4)
c4_078,float,,Dimension 78 for Signaturizer3D dataset networks (C) biological processes (C4)
c4_079,float,,Dimension 79 for Signaturizer3D dataset networks (C) biological processes (C4)
c4_080,float,,Dimension 80 for Signaturizer3D dataset networks (C) biological processes (C4)
c4_081,float,,Dimension 81 for Signaturizer3D dataset networks (C) biological processes (C4)
c4_082,float,,Dimension 82 for Signaturizer3D dataset networks (C) biological processes (C4)
c4_083,float,,Dimension 83 for Signaturizer3D dataset networks (C) biological processes (C4)
c4_084,float,,Dimension 84 for Signaturizer3D dataset networks (C) biological processes (C4)
c4_085,float,,Dimension 85 for Signaturizer3D dataset networks (C) biological processes (C4)
c4_086,float,,Dimension 86 for Signaturizer3D dataset networks (C) biological processes (C4)
c4_087,float,,Dimension 87 for Signaturizer3D dataset networks (C) biological processes (C4)
c4_088,float,,Dimension 88 for Signaturizer3D dataset networks (C) biological processes (C4)
c4_089,float,,Dimension 89 for Signaturizer3D dataset networks (C) biological processes (C4)
c4_090,float,,Dimension 90 for Signaturizer3D dataset networks (C) biological processes (C4)
c4_091,float,,Dimension 91 for Signaturizer3D dataset networks (C) biological processes (C4)
c4_092,float,,Dimension 92 for Signaturizer3D dataset networks (C) biological processes (C4)
c4_093,float,,Dimension 93 for Signaturizer3D dataset networks (C) biological processes (C4)
c4_094,float,,Dimension 94 for Signaturizer3D dataset networks (C) biological processes (C4)
c4_095,float,,Dimension 95 for Signaturizer3D dataset networks (C) biological processes (C4)
c4_096,float,,Dimension 96 for Signaturizer3D dataset networks (C) biological processes (C4)
c4_097,float,,Dimension 97 for Signaturizer3D dataset networks (C) biological processes (C4)
c4_098,float,,Dimension 98 for Signaturizer3D dataset networks (C) biological processes (C4)
c4_099,float,,Dimension 99 for Signaturizer3D dataset networks (C) biological processes (C4)
c4_100,float,,Dimension 100 for Signaturizer3D dataset networks (C) biological processes (C4)
c4_101,float,,Dimension 101 for Signaturizer3D dataset networks (C) biological processes (C4)
c4_102,float,,Dimension 102 for Signaturizer3D dataset networks (C) biological processes (C4)
c4_103,float,,Dimension 103 for Signaturizer3D dataset networks (C) biological processes (C4)
c4_104,float,,Dimension 104 for Signaturizer3D dataset networks (C) biological processes (C4)
c4_105,float,,Dimension 105 for Signaturizer3D dataset networks (C) biological processes (C4)
c4_106,float,,Dimension 106 for Signaturizer3D dataset networks (C) biological processes (C4)
c4_107,float,,Dimension 107 for Signaturizer3D dataset networks (C) biological processes (C4)
c4_108,float,,Dimension 108 for Signaturizer3D dataset networks (C) biological processes (C4)
c4_109,float,,Dimension 109 for Signaturizer3D dataset networks (C) biological processes (C4)
c4_110,float,,Dimension 110 for Signaturizer3D dataset networks (C) biological processes (C4)
c4_111,float,,Dimension 111 for Signaturizer3D dataset networks (C) biological processes (C4)
c4_112,float,,Dimension 112 for Signaturizer3D dataset networks (C) biological processes (C4)
c4_113,float,,Dimension 113 for Signaturizer3D dataset networks (C) biological processes (C4)
c4_114,float,,Dimension 114 for Signaturizer3D dataset networks (C) biological processes (C4)
c4_115,float,,Dimension 115 for Signaturizer3D dataset networks (C) biological processes (C4)
c4_116,float,,Dimension 116 for Signaturizer3D dataset networks (C) biological processes (C4)
c4_117,float,,Dimension 117 for Signaturizer3D dataset networks (C) biological processes (C4)
c4_118,float,,Dimension 118 for Signaturizer3D dataset networks (C) biological processes (C4)
c4_119,float,,Dimension 119 for Signaturizer3D dataset networks (C) biological processes (C4)
c4_120,float,,Dimension 120 for Signaturizer3D dataset networks (C) biological processes (C4)
c4_121,float,,Dimension 121 for Signaturizer3D dataset networks (C) biological processes (C4)
c4_122,float,,Dimension 122 for Signaturizer3D dataset networks (C) biological processes (C4)
c4_123,float,,Dimension 123 for Signaturizer3D dataset networks (C) biological processes (C4)
c4_124,float,,Dimension 124 for Signaturizer3D dataset networks (C) biological processes (C4)
c4_125,float,,Dimension 125 for Signaturizer3D dataset networks (C) biological processes (C4)
c4_126,float,,Dimension 126 for Signaturizer3D dataset networks (C) biological processes (C4)
c4_127,float,,Dimension 127 for Signaturizer3D dataset networks (C) biological processes (C4)
c5_000,float,,Dimension 0 for Signaturizer3D dataset networks (C) interactome (C5)
c5_001,float,,Dimension 1 for Signaturizer3D dataset networks (C) interactome (C5)
c5_002,float,,Dimension 2 for Signaturizer3D dataset networks (C) interactome (C5)
c5_003,float,,Dimension 3 for Signaturizer3D dataset networks (C) interactome (C5)
c5_004,float,,Dimension 4 for Signaturizer3D dataset networks (C) interactome (C5)
c5_005,float,,Dimension 5 for Signaturizer3D dataset networks (C) interactome (C5)
c5_006,float,,Dimension 6 for Signaturizer3D dataset networks (C) interactome (C5)
c5_007,float,,Dimension 7 for Signaturizer3D dataset networks (C) interactome (C5)
c5_008,float,,Dimension 8 for Signaturizer3D dataset networks (C) interactome (C5)
c5_009,float,,Dimension 9 for Signaturizer3D dataset networks (C) interactome (C5)
c5_010,float,,Dimension 10 for Signaturizer3D dataset networks (C) interactome (C5)
c5_011,float,,Dimension 11 for Signaturizer3D dataset networks (C) interactome (C5)
c5_012,float,,Dimension 12 for Signaturizer3D dataset networks (C) interactome (C5)
c5_013,float,,Dimension 13 for Signaturizer3D dataset networks (C) interactome (C5)
c5_014,float,,Dimension 14 for Signaturizer3D dataset networks (C) interactome (C5)
c5_015,float,,Dimension 15 for Signaturizer3D dataset networks (C) interactome (C5)
c5_016,float,,Dimension 16 for Signaturizer3D dataset networks (C) interactome (C5)
c5_017,float,,Dimension 17 for Signaturizer3D dataset networks (C) interactome (C5)
c5_018,float,,Dimension 18 for Signaturizer3D dataset networks (C) interactome (C5)
c5_019,float,,Dimension 19 for Signaturizer3D dataset networks (C) interactome (C5)
c5_020,float,,Dimension 20 for Signaturizer3D dataset networks (C) interactome (C5)
c5_021,float,,Dimension 21 for Signaturizer3D dataset networks (C) interactome (C5)
c5_022,float,,Dimension 22 for Signaturizer3D dataset networks (C) interactome (C5)
c5_023,float,,Dimension 23 for Signaturizer3D dataset networks (C) interactome (C5)
c5_024,float,,Dimension 24 for Signaturizer3D dataset networks (C) interactome (C5)
c5_025,float,,Dimension 25 for Signaturizer3D dataset networks (C) interactome (C5)
c5_026,float,,Dimension 26 for Signaturizer3D dataset networks (C) interactome (C5)
c5_027,float,,Dimension 27 for Signaturizer3D dataset networks (C) interactome (C5)
c5_028,float,,Dimension 28 for Signaturizer3D dataset networks (C) interactome (C5)
c5_029,float,,Dimension 29 for Signaturizer3D dataset networks (C) interactome (C5)
c5_030,float,,Dimension 30 for Signaturizer3D dataset networks (C) interactome (C5)
c5_031,float,,Dimension 31 for Signaturizer3D dataset networks (C) interactome (C5)
c5_032,float,,Dimension 32 for Signaturizer3D dataset networks (C) interactome (C5)
c5_033,float,,Dimension 33 for Signaturizer3D dataset networks (C) interactome (C5)
c5_034,float,,Dimension 34 for Signaturizer3D dataset networks (C) interactome (C5)
c5_035,float,,Dimension 35 for Signaturizer3D dataset networks (C) interactome (C5)
c5_036,float,,Dimension 36 for Signaturizer3D dataset networks (C) interactome (C5)
c5_037,float,,Dimension 37 for Signaturizer3D dataset networks (C) interactome (C5)
c5_038,float,,Dimension 38 for Signaturizer3D dataset networks (C) interactome (C5)
c5_039,float,,Dimension 39 for Signaturizer3D dataset networks (C) interactome (C5)
c5_040,float,,Dimension 40 for Signaturizer3D dataset networks (C) interactome (C5)
c5_041,float,,Dimension 41 for Signaturizer3D dataset networks (C) interactome (C5)
c5_042,float,,Dimension 42 for Signaturizer3D dataset networks (C) interactome (C5)
c5_043,float,,Dimension 43 for Signaturizer3D dataset networks (C) interactome (C5)
c5_044,float,,Dimension 44 for Signaturizer3D dataset networks (C) interactome (C5)
c5_045,float,,Dimension 45 for Signaturizer3D dataset networks (C) interactome (C5)
c5_046,float,,Dimension 46 for Signaturizer3D dataset networks (C) interactome (C5)
c5_047,float,,Dimension 47 for Signaturizer3D dataset networks (C) interactome (C5)
c5_048,float,,Dimension 48 for Signaturizer3D dataset networks (C) interactome (C5)
c5_049,float,,Dimension 49 for Signaturizer3D dataset networks (C) interactome (C5)
c5_050,float,,Dimension 50 for Signaturizer3D dataset networks (C) interactome (C5)
c5_051,float,,Dimension 51 for Signaturizer3D dataset networks (C) interactome (C5)
c5_052,float,,Dimension 52 for Signaturizer3D dataset networks (C) interactome (C5)
c5_053,float,,Dimension 53 for Signaturizer3D dataset networks (C) interactome (C5)
c5_054,float,,Dimension 54 for Signaturizer3D dataset networks (C) interactome (C5)
c5_055,float,,Dimension 55 for Signaturizer3D dataset networks (C) interactome (C5)
c5_056,float,,Dimension 56 for Signaturizer3D dataset networks (C) interactome (C5)
c5_057,float,,Dimension 57 for Signaturizer3D dataset networks (C) interactome (C5)
c5_058,float,,Dimension 58 for Signaturizer3D dataset networks (C) interactome (C5)
c5_059,float,,Dimension 59 for Signaturizer3D dataset networks (C) interactome (C5)
c5_060,float,,Dimension 60 for Signaturizer3D dataset networks (C) interactome (C5)
c5_061,float,,Dimension 61 for Signaturizer3D dataset networks (C) interactome (C5)
c5_062,float,,Dimension 62 for Signaturizer3D dataset networks (C) interactome (C5)
c5_063,float,,Dimension 63 for Signaturizer3D dataset networks (C) interactome (C5)
c5_064,float,,Dimension 64 for Signaturizer3D dataset networks (C) interactome (C5)
c5_065,float,,Dimension 65 for Signaturizer3D dataset networks (C) interactome (C5)
c5_066,float,,Dimension 66 for Signaturizer3D dataset networks (C) interactome (C5)
c5_067,float,,Dimension 67 for Signaturizer3D dataset networks (C) interactome (C5)
c5_068,float,,Dimension 68 for Signaturizer3D dataset networks (C) interactome (C5)
c5_069,float,,Dimension 69 for Signaturizer3D dataset networks (C) interactome (C5)
c5_070,float,,Dimension 70 for Signaturizer3D dataset networks (C) interactome (C5)
c5_071,float,,Dimension 71 for Signaturizer3D dataset networks (C) interactome (C5)
c5_072,float,,Dimension 72 for Signaturizer3D dataset networks (C) interactome (C5)
c5_073,float,,Dimension 73 for Signaturizer3D dataset networks (C) interactome (C5)
c5_074,float,,Dimension 74 for Signaturizer3D dataset networks (C) interactome (C5)
c5_075,float,,Dimension 75 for Signaturizer3D dataset networks (C) interactome (C5)
c5_076,float,,Dimension 76 for Signaturizer3D dataset networks (C) interactome (C5)
c5_077,float,,Dimension 77 for Signaturizer3D dataset networks (C) interactome (C5)
c5_078,float,,Dimension 78 for Signaturizer3D dataset networks (C) interactome (C5)
c5_079,float,,Dimension 79 for Signaturizer3D dataset networks (C) interactome (C5)
c5_080,float,,Dimension 80 for Signaturizer3D dataset networks (C) interactome (C5)
c5_081,float,,Dimension 81 for Signaturizer3D dataset networks (C) interactome (C5)
c5_082,float,,Dimension 82 for Signaturizer3D dataset networks (C) interactome (C5)
c5_083,float,,Dimension 83 for Signaturizer3D dataset networks (C) interactome (C5)
c5_084,float,,Dimension 84 for Signaturizer3D dataset networks (C) interactome (C5)
c5_085,float,,Dimension 85 for Signaturizer3D dataset networks (C) interactome (C5)
c5_086,float,,Dimension 86 for Signaturizer3D dataset networks (C) interactome (C5)
c5_087,float,,Dimension 87 for Signaturizer3D dataset networks (C) interactome (C5)
c5_088,float,,Dimension 88 for Signaturizer3D dataset networks (C) interactome (C5)
c5_089,float,,Dimension 89 for Signaturizer3D dataset networks (C) interactome (C5)
c5_090,float,,Dimension 90 for Signaturizer3D dataset networks (C) interactome (C5)
c5_091,float,,Dimension 91 for Signaturizer3D dataset networks (C) interactome (C5)
c5_092,float,,Dimension 92 for Signaturizer3D dataset networks (C) interactome (C5)
c5_093,float,,Dimension 93 for Signaturizer3D dataset networks (C) interactome (C5)
c5_094,float,,Dimension 94 for Signaturizer3D dataset networks (C) interactome (C5)
c5_095,float,,Dimension 95 for Signaturizer3D dataset networks (C) interactome (C5)
c5_096,float,,Dimension 96 for Signaturizer3D dataset networks (C) interactome (C5)
c5_097,float,,Dimension 97 for Signaturizer3D dataset networks (C) interactome (C5)
c5_098,float,,Dimension 98 for Signaturizer3D dataset networks (C) interactome (C5)
c5_099,float,,Dimension 99 for Signaturizer3D dataset networks (C) interactome (C5)
c5_100,float,,Dimension 100 for Signaturizer3D dataset networks (C) interactome (C5)
c5_101,float,,Dimension 101 for Signaturizer3D dataset networks (C) interactome (C5)
c5_102,float,,Dimension 102 for Signaturizer3D dataset networks (C) interactome (C5)
c5_103,float,,Dimension 103 for Signaturizer3D dataset networks (C) interactome (C5)
c5_104,float,,Dimension 104 for Signaturizer3D dataset networks (C) interactome (C5)
c5_105,float,,Dimension 105 for Signaturizer3D dataset networks (C) interactome (C5)
c5_106,float,,Dimension 106 for Signaturizer3D dataset networks (C) interactome (C5)
c5_107,float,,Dimension 107 for Signaturizer3D dataset networks (C) interactome (C5)
c5_108,float,,Dimension 108 for Signaturizer3D dataset networks (C) interactome (C5)
c5_109,float,,Dimension 109 for Signaturizer3D dataset networks (C) interactome (C5)
c5_110,float,,Dimension 110 for Signaturizer3D dataset networks (C) interactome (C5)
c5_111,float,,Dimension 111 for Signaturizer3D dataset networks (C) interactome (C5)
c5_112,float,,Dimension 112 for Signaturizer3D dataset networks (C) interactome (C5)
c5_113,float,,Dimension 113 for Signaturizer3D dataset networks (C) interactome (C5)
c5_114,float,,Dimension 114 for Signaturizer3D dataset networks (C) interactome (C5)
c5_115,float,,Dimension 115 for Signaturizer3D dataset networks (C) interactome (C5)
c5_116,float,,Dimension 116 for Signaturizer3D dataset networks (C) interactome (C5)
c5_117,float,,Dimension 117 for Signaturizer3D dataset networks (C) interactome (C5)
c5_118,float,,Dimension 118 for Signaturizer3D dataset networks (C) interactome (C5)
c5_119,float,,Dimension 119 for Signaturizer3D dataset networks (C) interactome (C5)
c5_120,float,,Dimension 120 for Signaturizer3D dataset networks (C) interactome (C5)
c5_121,float,,Dimension 121 for Signaturizer3D dataset networks (C) interactome (C5)
c5_122,float,,Dimension 122 for Signaturizer3D dataset networks (C) interactome (C5)
c5_123,float,,Dimension 123 for Signaturizer3D dataset networks (C) interactome (C5)
c5_124,float,,Dimension 124 for Signaturizer3D dataset networks (C) interactome (C5)
c5_125,float,,Dimension 125 for Signaturizer3D dataset networks (C) interactome (C5)
c5_126,float,,Dimension 126 for Signaturizer3D dataset networks (C) interactome (C5)
c5_127,float,,Dimension 127 for Signaturizer3D dataset networks (C) interactome (C5)